Id,Q0_TOTAL_ASSETS,Q0_TOTAL_LIABILITIES,Q0_TOTAL_STOCKHOLDERS_EQUITY,Q0_GROSS_PROFIT,Q0_COST_OF_REVENUES,Q0_REVENUES,Q0_OPERATING_INCOME,Q0_OPERATING_EXPENSES,Q0_EBITDA
480,118804077.66394866,5345702.3,1479528.3623721972,-5413.36,-437473.990440882,-1585637.155481577,-694114.2,488264.35,6757423.58847239
573,3862402024.889852,1436120296.0985446,841510480.8902162,225826170.0,361269032.1740323,638459864.9438801,52784000.0,102655499.58,127010687.22894287
1967,-7489447.936103916,7987380.1,10087060.591883749,1153714.65,11103782.556228938,3113042.379893303,-3867718.7,1478165.94,-3231346.83864253
57,5643644609.554885,2656658428.466159,2529186222.614238,167888932.66,289568136.812103,445466789.3608376,86082300.0,81357520.0,103197194.4402534
131,4411647505.113609,3149864592.661356,1029335375.1490556,218538422.66,786556857.018601,1032448898.4002591,114616800.0,82110600.0,114544382.26123846
853,254859459.58607674,22205381.7,271076583.47437024,44231.75,1416463.2660445988,6268571.477765322,-25167900.0,30839807.99,-27812703.520870443
78,8866919882.175076,4771904110.915951,5418121317.674512,422790700.0,1579037365.468368,1962096150.8450153,295417400.0,147403920.0,296120502.1023534
1630,281343840.4095944,125435052.18251581,192631321.1697407,19805751.0,769901.3379726317,30865100.187769294,-40864500.0,30814895.02,-9720064.125640132
963,-6245055.966586223,4834587.286187207,67485074.80320604,327549.24,1688736.1562692043,-3783540.2223968506,-4831589.4,6441271.03,-6627195.656817019
1377,21747032480.534016,10785357419.558065,10187288809.446302,702332950.0,2530019439.2187343,3127137194.1366725,404819485.35,216619620.0,349500659.4349659
1958,1403181851.6332352,693233836.3897396,755101982.9184762,93935590.0,120550891.23115446,159825066.0156446,13431800.0,49056040.0,41305930.43584659
249,865780514.6761345,568034153.7675139,287968258.5119857,81977067.98,170020443.67527616,221685945.87327737,10030200.0,24575857.48,68354590.32621537
172,3090173.7659047195,3851549.632594259,51797217.680582546,1789682.65,-114574.13116301606,-1929016.7047367096,-880226.0,2820388.27,-5117478.487576464
239,2882280462.5494633,2280609638.113041,-433466442.1120161,-21873620.0,307312199.91011256,326875900.0774244,-76067700.0,121465900.0,-102556752.0597399
224,12757285332.786125,4741788500.0,7980263047.892012,609388450.0,1178691374.6022396,1620884877.5706503,503670400.0,191935630.0,457692317.89552844
1485,1635588282.1120775,762740202.0164804,774594541.3119366,116209543.76,56721884.543054335,212371630.95929188,34021900.0,69981690.0,68362152.77479436
568,43341257.92767378,14996384.9,40426330.35310486,442349.79,5233240.9746850245,-5399350.485023737,-1183786.3,8922615.17,-5945747.580409142
540,21243617945.30215,12002327983.172245,771405746.0885334,776553950.0,4433692678.930681,5417690722.515996,459994500.0,352060800.0,345263096.9741856
1019,22214037804.83595,8605313303.623468,10480499840.97605,336171500.0,-14331922.264194464,396457792.68429327,123599800.0,287689370.0,-6645141.684984106
766,65462836.33233287,26928974.0,66717820.40748637,1438634.42,677847.1316479344,3139516.0104124546,-15053400.0,13872777.72,-14187882.178560859
1970,279457246.18252796,111941500.0,184380190.4170306,42542010.0,15973905.960020201,51383351.89788568,3798763.0,45728535.0,-3203133.8885356425
398,180191851.94085738,33834304.4,22247843.121459417,1605089.91,9737189.907351136,14624066.207476735,-1736644.5,2863363.66,-2427210.9724327708
316,41633100.5286439,14700171.924473489,77032670.85291076,4161443.6,900901.3692288471,6250598.637523174,-2295752.3,6484006.86,-2168830.966595429
753,365668.1990611905,3787577.0157901407,50274769.14071239,156813.43,-1439144.53217106,-1259986.7248395681,-3018036.5,1787595.03,254193.89431602275
654,5137394.128578695,39160943.340509415,-54194302.72617513,1519420.88,1549525.2897068139,3139900.8751199245,-1635769.6,4733009.52,1097849.5752931542
300,18307542438.091373,8262979164.526898,8943899573.122484,670998100.0,1651315017.9825575,2219399462.4202003,227835100.0,305543625.0,194674449.23646218
505,3922132.0966264172,3748196.5,55398248.69298653,2238913.11,1111354.359918465,5650298.710197091,-385054.0,3171787.66,-116225.50247684296
2007,25429073.471966654,5384745.7,9674939.526175745,1015707.58,-2226101.324444326,-3194000.1999708414,-362335.4,1252280.87,76643577.0518031
878,1263979595.4770253,458408630.41893995,371003205.0713834,418345190.0,-355043768.7514276,214737869.3850177,-142157600.0,474626570.0,9493920.435386328
91,32845235883.099865,25613348746.831444,7717117083.625487,1981536990.0,3037356327.2645845,5290862909.642335,952038600.0,456467990.0,2019058765.9119575
1673,15221762.980684036,5863671.8,-35008927.14865585,510064.19,140768.58218144247,-271502.143709898,-3002091.6,3448644.51,-4125783.33114521
1583,6668773709.531018,-9534536524.458567,-4932097790.859759,895936640.0,3747324242.6959434,4834275198.699708,-652900073.25,1875750680.0,1146773768.335797
624,9404695657.534163,10994430000.0,-2676470370.0159235,314117160.0,460932659.4276498,857661308.6679242,-108129500.0,1227045780.0,-1084752118.1376748
1339,104177318.50346383,46921343.3,95466773.81065667,1680345.26,-614567.7316191255,2361101.7436648607,-23838600.0,23475890.0,-26168404.021559495
1670,37658655.46878528,39075199.898180515,54469986.04909453,3615483.93,11876924.422208728,10661411.74477148,583548.9,2289161.21,-404476.8067777685
1234,795723001.8259907,217394321.9,584006652.5884836,64183340.0,233940927.58358693,272892971.4711093,14191800.0,44448855.0,21969586.84235907
1623,969329159.0598893,279686633.2364159,11787500.652529381,114453453.76,-9666350.482973848,282583469.45928615,-565600.0,100071150.0,19832105.177809317
1910,52079012.27014174,6126490.7,142993661.6455189,2626453.67,2339194.968519257,6330802.567043662,-310423.3,3136358.14,-1013199.0384555848
814,25549556453.50844,18645422202.491264,9149008206.416517,1512975380.0,3788099682.9109616,5261835960.392435,460091400.0,774210680.0,780614059.8667239
1484,929641397.9645674,271383100.0,653807287.043609,81304545.96,159595159.41660276,259036483.9498725,16717600.0,62016880.0,28107291.825217742
1125,4232919255.011925,2245137500.0,2133405856.7942522,162600136.33,425353910.8074636,642921009.4802862,91157800.0,69716713.12,119237596.29702313
455,3035370312.8055615,1641110331.9789717,1250579190.141498,127338070.0,144163153.0768173,311424535.2398036,33389900.0,56460990.0,48907579.691441044
1636,36783582.73408159,6256334.836153897,81077279.37386069,2399108.83,4062914.5682769413,6362460.431324482,-1607901.4,5302956.75,-5179749.801274108
476,200647661.2271144,54085900.0,253833368.9918355,307223.79,-123589.2544651877,-1372562.4499499798,-30899469.2,31065517.99,-30237182.79178405
493,100329724.19007379,27769919.798920464,29601479.547485862,1727915.49,-2778985.422128693,12889622.309487939,-22292300.0,26349640.34,-27176807.62877654
1081,-115611562.61534426,59791242.0,-229484706.85427004,5172908.58,13067605.611890284,20551750.585610867,-17742231.9,6159952.53,-21041346.950261675
175,6493460046.984378,2882765292.055322,3191750241.3251257,188449768.99,1270280129.53133,1362517380.9207993,141072500.0,104156799.37,116144241.59531209
1070,641971471.0064085,100981022.3878789,541833730.1961862,60621290.0,32342813.628314644,97448852.56840658,-31287800.0,92848200.0,-60069477.71684162
1850,61478322.52565985,9425387.8,59856990.41498963,5666739.83,4664488.518348,6191840.588300109,-1481237.4,6113399.11,-1041323.5810295802
824,966242904.7591057,1088026300.0,-123426048.78972512,199440620.0,48968732.76978776,215301044.47445226,3451800.0,192209760.0,6396529.734406831
1949,12368349931.570826,8335847040.224507,3306154385.9637556,428424900.0,229953109.94202006,627265248.1028287,121053300.0,290492670.0,111114550.63052434
274,357157860.932359,21310224.1,528729066.9318824,5954548.02,5053891.507172673,23152724.21717,-9067224.2,7614038.14,303061.870197583
2026,675098770.4868739,618015100.0,-3854538591.5426893,2959977630.0,1757961068.9380016,5091955580.6567335,341949926.75,276878700.0,-629943545.1331832
1199,24987942840.601124,11758393875.521025,9505180767.809177,596282300.0,746963658.7478074,1629738005.7476177,3105200.0,58890246.04,572453955.5883237
1458,72967846.37342167,36916433.8,96340029.09391226,2221108.02,2003833.8165797396,5257448.367566705,-10421226.5,13056864.12,-11298286.840091858
393,226536465.9948451,63765729.4200655,149731655.8542783,487860.04,250721.604785536,-24934892.02014792,-31034369.2,33285808.34,-26092242.140921343
1600,66082658.89947202,33953322.7,47740035.113716945,4092263.6,8571135.633806914,2495198.2599066496,-1861769.3,4756764.22,-2002864.6523188974
1282,47785688.15632553,20631265.445728265,36491593.42030154,5648305.8,11929679.471609393,13811114.434301734,740263.4,5242667.78,94751.31871718427
1123,361041298.3566269,91732800.0,154297881.25586778,24755552.63,34728662.75782609,57601963.13219261,-7524485.1,60612132.19,-31934597.369577017
439,2359337261.447841,419448200.0,1481208411.8848412,65946194.83,58890299.43145577,22656760.935586214,-217677800.0,168164088.24,-177262923.76141214
302,885122635.7531848,133904959.49442205,606571274.0478882,25475332.67,-635443.6871100401,35044851.33722901,-33786000.0,29254928.68,-15101097.06192965
773,335015617.4631412,43529338.0,-363521305.18136126,22460.04,12414297.860206643,-9232209.877297282,-555921.6,529001.89,-175756798.18744403
354,14896215.962558508,10087146.7,40949644.06204878,66022.57,1418314.476045722,-5358600.5026705265,-2154633.1,2685961.22,-5183335.624903684
191,196584938.71823362,14257317.8,111637466.72193569,1179641.4,-91447.87083799063,13713441.99581194,-17660000.0,23282016.22,-8379385.232843116
1823,28449899676.803455,11724887734.498108,14613842614.21921,2019054350.0,59337577.20417796,1962688781.5404456,1055249300.0,38850005.0,1210536562.0218441
903,4222109110.480156,291650000.0,9232023611.253181,37682230.0,1277439431.4766498,188748800.00091368,-200146.5,46429790.0,-66149235.659452885
746,103350603.6024602,22526708.1,123388357.91335404,10207240.38,797435.706193598,11274344.704275131,3492818.9,14000084.15,780551.7737294515
85,994956917.4629495,738074516.5925214,713301720.7693931,16162207.86,8130304.9002650315,36565002.17919028,-655321.8,18419045.51,-9694456.742947156
1361,149510055.22111875,46261250.493107006,124891403.46975234,4258639.06,4768317.237915047,3795535.250579238,-7249774.6,11465904.64,-10431383.122124296
1597,2521052106.989284,1340763578.849964,819871141.1412494,270861120.0,157690454.7056996,459140168.3868364,11803200.0,275208550.0,-7927328.77991158
1300,40074441601.60833,20370832931.98565,19592166398.137337,637612890.0,-109636109.68614177,4319458446.407787,812879970.7,3620570825.0,2602553075.6802387
491,110230684.92304292,27093386.7,175327215.3068757,18187151.39,20809565.35413572,35431968.276878595,3241637.0,38358887.18,-20054905.599703703
1849,1022857299.6705128,490638654.1537197,569033928.4172621,97506500.0,15792814.225593522,92384738.10537076,-28392300.0,132071620.0,-19627257.425955374
1352,6447692449.533188,3250135007.562199,-755308850.6597571,33904340.0,1391637899.8804038,1405735001.3115172,-75837000.0,66504745.0,-98421182.14209825
1657,1534991233.8390064,1376470441.6091666,393651917.10344857,88269445.96,517628394.64984256,539019880.3639028,15461900.0,85849620.0,27850657.980450425
2022,371364008.8389707,785334479.825187,10988286.341620594,111996681.88,30302300.794960514,41259891.035589695,46345000.0,77683642.08,24628752.23140944
2008,639624479.1271949,239258293.71301824,414320409.4236864,135096589.4,133651505.12236924,237292684.42861164,10513184.5,131679579.79,7795198.72773926
314,47509913.2337437,69388642.0,24149809.031997204,3819544.42,1555623.5780404643,34627805.01857817,-24492800.0,25886454.66,-15947195.8761823
126,10112006570.865294,4077378205.8452673,6500332245.154613,1018500610.0,370877483.7245377,1155194022.068452,289910800.0,831557780.0,249517764.12957573
1295,41767653.94033146,13292194.12817431,124572602.14611973,1238810.96,8592396.248947171,13073121.10556221,-3122874.1,4582072.05,-6367806.354294671
641,12635065937.984118,10700792468.192911,2555435167.2473507,694537220.0,1534130007.3459136,2275921879.515948,96382300.0,460307385.0,41015079.82420117
130,2745152454.548823,3448374100.0,-1032279270.6209371,278955030.0,-37813050.885033295,790614561.3708949,-171878029.3,1042314260.0,-136152122.99264634
1114,148004041.8070766,85628500.0,102480499.2320419,4160803.76,10432683.94122801,20547763.29108405,3271676.8,38179209.33,-26464357.74614308
552,1382867540.6309688,555771295.2675139,1068927819.2352991,186168692.66,359342521.38240916,564001470.7533226,73266000.0,94007070.0,92965271.91111729
1038,939807847.3136148,742564600.0,284546099.54033506,33763200.0,88034086.64882039,145519721.9102474,-3092100.0,35864457.86,-2287906.094253974
265,97354136.6968869,102942800.0,110305213.68627068,23752921.47,50204360.5660818,72514618.6276567,-23963537.3,76217210.0,-62843921.7351992
998,165850367.76869944,279489.0,-17382665.256238207,9014.25,575821.3619646071,1808760.030753255,-106489.8,247281.28,6469782.177591714
1922,2929513.6343375593,2418404.5,104460911.50760242,19503.01,2393501.322034083,-3161564.7513889074,-158709.1,1959077.79,-443096.55485185946
756,212762189.2282404,126956400.0,125442795.19127038,32706169.63,44014186.69094063,64356753.3283968,3527666.8,23266729.46,4082212.6032990622
208,3463871704.2130594,1431019252.6842163,1814613638.2359648,217116490.0,280793605.4836932,534892181.57785916,119249900.0,35861220.0,147383977.82531327
1545,2682336.5604909067,1603484.8635100536,29023988.925397206,499289.83,211672.85197104252,-4537551.002137065,-23697.9,452046.39,2609813.3009913634
1639,21798246.527813755,22139668.2,-65728019.88264157,103593.26,2586105.338886159,6061651.378264904,-1473084.4,1687001.04,-444732.2314270468
925,5616591900.59655,3904417610.5509195,2120471202.7035124,513575200.0,2932017356.108365,3125380106.314178,216156300.0,300153610.0,230515093.14990106
715,43945864.55304382,6398027.5,79186135.88917105,303786.92,4400583.37730731,11103624.615172982,-1049638.1,1360730.66,-850303.7468402446
1119,115370182.85043786,59106727.797468886,-342911636.5117795,432732.67,23939774.52436922,6811945.864105225,-21012400.0,14858343.73,18937571.263719816
1093,861247644.7054793,602961492.6171998,136160467.89443183,140691957.52,209250178.20408556,296887380.86650443,14520500.0,179752600.0,2470383.739517186
304,10863683.543514637,1599871.4317550268,39845855.42782322,2075034.81,2108789.4577759337,6992063.16354084,-1291600.5,2530853.99,-30532.85305399635
1500,1511044205.6232111,983270943.0517414,555503069.4691631,14970056.62,19156929.92136611,66713286.912656486,-46558300.0,46903182.55,-40886887.89982746
635,353612042.26792383,113546107.4,183514724.77971655,61786670.0,-2023566.9270389567,49361263.050916255,-7777346.3,63812460.0,-13111975.243726758
1337,6513379036.058961,3259317949.829501,2803248339.6866856,470601020.0,170840415.29890004,623928116.2879444,-85853400.0,821375230.0,-305190347.080034
462,251499020.09354386,183799400.0,47573495.652713746,18167789.07,-2807604.699335001,26400014.773510814,-34242825.9,50956015.0,-22363494.568949573
1532,1813933563.7367203,1471563100.0,287130314.556721,72856327.98,-2389075.9565097014,83036430.83953196,62740000.0,157614100.0,-124192750.12844828
658,5241180902.812826,4478816555.498411,-368183736.9743728,42740750.0,147934831.31699407,270859545.24627507,91580900.0,463326880.0,-290545067.93059105
1279,44192508.9597367,28553253.2,41890350.21690755,1529103.55,6986605.474104714,13199158.926185727,-2885449.7,3897401.24,2030940.6576341856
1077,2172081998.032615,1293797136.380912,1050773284.6513723,164097080.0,306072322.9488478,517061709.77911806,48157800.0,101413230.0,57692889.31575576
1725,773651532.5205162,291650000.0,-1058252334.9089994,37549900.0,-48344610.922344625,73687960.50107414,-200146.5,45929590.0,-255889977.13562822
311,978413167.4778312,494203843.58319205,493043875.45091444,131520666.92,308429420.3457467,461285521.1566225,-10948300.0,124795849.79,12017340.677527633
1447,148788597.87328225,81399570.59746888,103337354.36118329,-76158.49,11483188.935509963,15205762.255799532,-9469977.6,6868150.55,-2766917.7749427436
1694,4777241568.668618,4203226200.0,-1081177048.3356073,-18077700.0,101667532.1168926,225287141.04579282,-4446000.0,273811600.0,-203677152.61553073
386,15888753.927991366,2107530.559780964,38348819.5023124,264194.35,1821250.480925125,4296206.933432102,-1179880.3,1324039.23,-563285.3224157668
1767,12974749.672426758,7493935.5,16006680.148402102,2306370.86,3145446.078925448,79694.47216510773,-1056723.3,3080477.64,-1105652.1854549325
1648,2861347454.257568,2111269800.0,622501421.7241554,106498970.0,386262995.05231273,468217542.82799816,13276600.0,75466440.0,55512537.45195563
1650,6010114271.652156,3443770831.9631033,2450600365.1849527,327319570.0,-103973925.0973628,373353085.38436246,123764600.0,327666650.0,212220340.37985682
258,260555164.67274952,188224000.0,85089120.23694256,17691570.92,56936195.85248039,70841159.6940301,4337750.7,11584684.19,4796173.304103399
1990,10789704522.445995,3115162350.877228,16406683579.012224,1149135920.0,5256017557.601625,5102303552.727642,70377300.0,1152704385.0,245099589.8176054
1445,674704027.2426784,487094876.030023,322873282.167234,123510545.04,56120284.60527409,118438234.24722904,7307200.0,125125975.8,5253773.541683663
216,1259135597.2195446,1030100800.0,-40439651.207079336,207049810.0,42772841.52540651,236997624.9444458,-12386500.0,266098470.0,-7505670.589776449
167,194351928.84214717,159324992.16406533,20069025.66983196,21891304.94,681929.7895474667,21824710.65252292,-19353400.0,32877866.2,-15778539.849633312
1510,9259846.816593943,3799816.359111196,47055593.12387319,89005.94,341897.3033137633,735424.184491396,-1929637.7,895577.32,73561.4518360461
1246,2880253900.1519923,1912246374.6884112,496476870.13937956,248343170.0,-5581793.42915201,251813977.36467284,59318700.0,181375620.0,57358864.45811442
2012,526733095.6379358,115796600.0,289823973.6070558,30690011.42,36574495.4839417,70992775.84606254,-15336500.0,25912105.58,-15767032.138816899
872,180467453.56016377,43084903.1,16885309.865305983,6458711.07,12624781.093392964,29316641.448864818,-1045188.9,5305513.53,-681757.1802504191
1831,403595130.07442456,341212900.0,109033098.69689263,41837719.8,40492969.55223225,73671124.46346062,-7444000.0,52301967.73,-916537.9758080614
1068,15504406.46904798,3077235.7,79925665.33156905,1464376.45,1045341.6744119944,2379254.480338335,-455059.1,2023714.01,694326.7176461988
1281,640582002.5628885,336113600.0,129909562.33781885,24368369.75,26259043.179655254,45376176.99098039,3810900.0,16454309.22,7076037.35084396
1299,56437618.838825785,17729150.6,97672841.02533922,2806822.05,5214537.664025817,3504547.319140196,1348914.2,1933150.71,203728.02143648284
1582,29516698.07633052,39278816.5,9445287.596956037,3226957.26,7552585.7813464785,11308800.386348963,-2090616.3,4643408.2,-3588326.926798906
1003,569683247.675869,581072100.0,379945461.4388295,2394546.98,19527951.74749601,5869347.424762368,-67046700.0,112354169.79,-91026118.24119687
1509,6096621039.877495,2535712020.568163,1851299453.4515774,709412440.0,-22977375.175775312,711347080.7131604,73276500.0,604879670.0,40282985.95025815
1437,-20912377.69001595,72904800.0,-103277734.00177357,1496605.35,1344068.1716313583,8992954.318074346,-24471000.0,39800585.84,-25282695.032420237
1153,166905790.7541001,119400300.0,114345569.12301587,12565726.14,9195642.969726633,24902551.202421665,-15313400.0,32335795.72,-16381570.282858808
571,582254117.4472752,102056100.0,488068924.16463095,28959610.0,14928270.94469537,46256774.39162123,-6400600.0,36951967.86,-4299837.693607254
769,160600250.16357443,147338200.0,-256593018.5386616,3767301.89,53742915.356854096,40042639.9282372,-7773072.1,6018858.49,-13670333.897184394
2001,532042450.8799518,163891757.6244275,417523159.05957484,40404350.0,3042599.276898417,24403506.305446148,-26171200.0,58039775.0,-25671260.34802019
307,258318291.46388903,200243800.0,70797901.41889533,17498005.05,40890463.395237364,66329204.664639115,-3205070.6,18247529.69,-2806914.481789803
2,370576950.6476665,23970153.97820147,361078802.7248496,3714053.11,-407293.0723973923,-992067.3243345022,-34094800.0,36428285.72,-35059063.391842246
1192,15392177186.082476,10291437551.345509,5180156814.521948,1274843590.0,4502430741.857841,5646268007.949841,276952900.0,837781170.0,559248431.526434
357,-39293395.545443356,17473268.7,-25246300.58179508,15720.63,477763.2194044647,-2842224.6857486963,-142687.3,134919.48,-5664458.620893222
1017,-370790774.1987098,31280235914.859425,-8219946711.148382,1840866160.0,5627081804.655318,6254836950.985218,1134879985.35,957349340.0,1130604686.3651452
270,28993943.4498808,8287079.0,128954761.84563945,440015.38,354211.42909781454,-3000402.473226905,-8730720.4,5621104.55,-4213663.55260607
1479,-6443559.379219024,60556695.8,39419658.81636171,826342.67,5510904.104589525,15757616.571377158,-26431400.0,20023928.4,-22371022.641759913
1821,951412185.7766198,101259100.0,878715388.2210432,50155890.0,53775232.31566039,95338275.92651188,3059000.0,23800863.92,39337935.27758707
1544,423062146.74581605,144196000.0,188274969.64437115,28479729.63,40528459.92899451,58705449.968622684,-26132600.0,64938224.28,-33386711.4612363
1647,8520348.846003262,3177321.6,60384694.7738467,798559.64,17733.963771561874,-3765892.937118292,-379367.9,1033459.53,-335520.8156905438
1407,75141835.26768759,29203467.2,132094165.76093052,4799038.7,9491749.51830164,9605252.161231756,2297776.5,2048514.4,4471660.134028728
771,114800649.77140346,9109908.1,181296542.15787166,4833.04,299176.08408145094,-2095426.09655118,-13411700.0,12277835.7,-16570769.983572144
1176,2947223018.0652804,3132928178.405485,1369574307.014224,81699780.0,873098258.5673047,1021483347.5912405,79577000.0,28652577.28,84432871.00736168
1442,6597017332.416898,-76176100.0,8151919286.258121,48021550.0,2428257732.017425,3491953565.753085,-133262958.6,51724300.0,1470218775.2814305
55,7756687783.873068,5449156698.457529,2062705140.1903784,300574630.0,1364177405.72004,1973350892.7989075,258297500.0,101219960.0,241010388.760533
392,26598297346.160297,9648555988.379372,5272493656.303361,675165050.0,2255482419.8901167,2895900923.4233193,248197600.0,283088770.0,228755218.10269356
775,29109731.6372908,6017771.9,70939958.78567569,-557706.54,5396696.021144734,1501731.5748685598,-5017096.3,3604039.17,-5842195.48094989
870,167426655.1771436,47928807.855823725,-11016563.350685999,425020.97,-301223.6054435858,13481704.614458919,-28868569.2,32008984.54,-28096136.225708988
1446,73786109.45431918,16097451.5,62613052.03056645,12007376.55,8496857.8280423,19081151.149051547,940164.7,7939873.19,51995.11680378206
407,6760130830.130006,5076492005.457975,2936564254.981469,-89650740.0,189797503.22089723,212710821.85811293,122036300.0,914626940.0,-1040144758.7399591
329,136975642.78176388,1053598.0,-266022446.13633364,8110.43,12832943.887694014,-25089306.474407554,-54580.2,121246.36,-183254819.54656923
642,44177901484.145744,28791819588.529217,9579850595.216785,2321380110.0,1639909982.6480951,3555073352.629799,401317300.0,930423810.0,1263075364.6519842
983,17527661883.01844,9657141468.192911,7892248490.318961,881414750.0,3564484608.145006,4618366078.511287,361611000.0,415688500.0,418178074.04827875
1977,3758321041.9114914,1532182038.3286738,2174213018.05466,269319220.0,556888206.3212337,835426235.5190673,120521852.9,73977367.28,223202295.50640112
946,3991453306.3804975,2277842748.9318933,3554782868.9277773,621282740.0,1558177716.8328726,2117461056.073026,591878300.0,156200620.0,471784081.3637981
1968,7739331251.918269,3655939314.6093597,3081331188.8610106,544009910.0,1009084128.3639798,1542449834.0662942,237596700.0,198932240.0,315516388.3909975
549,1520306891.5699499,1071995733.3325055,554952407.910754,93951300.0,104399045.43640321,203447775.74962312,28120700.0,57057280.0,35731009.556967765
1589,131157526.6280604,49906390.9,29900042.87228903,1248745.2,543314.136626177,5772234.175096273,-16752600.0,25026259.2,-13866927.210416263
1188,55826490547.160576,28813839615.52482,21342026571.160923,2084571380.0,5075887396.954988,6950453169.140668,-91521500.0,1843985615.0,155605991.55001318
430,82776170.56028073,4562455.9,137761670.64826423,10983780.7,2539129.195859195,8918547.533594847,1084524.0,12439264.14,-718198.751112231
1241,150454353.51976216,5219435.059111196,56348792.040018134,3718090.78,515870.9637185013,4638386.891153336,-2249418.0,4575839.39,-714383.042991521
425,2153868331.9475784,1870972000.0,186536984.02462065,-5214000.0,184178062.41165677,301455500.0973244,-103708000.0,98494000.0,-103120741.43668889
443,-1132293612.4749596,645951100.0,24229263565.735455,1514111350.0,3660249553.3520045,2175013075.9640074,-180946929.3,415718650.0,-1149475376.4034193
1146,6135277649.426625,7322195816.448758,-701070296.9481554,1794355050.0,1058126541.415584,2599123245.398097,1026958785.35,910040820.0,947456265.691454
1050,6907644.735413805,20478079.091456532,25531407.46079853,298888.84,3241690.3654205375,2376331.8223719597,-346046.1,1116461.73,1200067.0327300194
1315,71747119.87406456,173022052.1825158,-32922181.991637617,3008480.8,1278295.4679903828,9512052.41540289,-23283700.0,20431729.7,-18967693.65420348
1676,13293500640.261711,8959682420.521555,736995380.2136077,1351550010.0,1917345240.9597046,3018297583.9090714,35777300.0,1269240695.0,-55218949.892095014
1952,5250975.544201829,2224054.018738444,39326649.4300507,63861.59,522921.9341668407,-30215.90385580063,-2494151.7,4119646.79,-3415380.0200372506
1553,11431322228.855108,5431371276.380629,-12216619648.679981,2007409070.0,1390397980.1579912,2500554523.0152144,326664800.0,599740214.12,-603085471.4484514
47,1117168230.1975682,584427569.6264185,413817750.49900264,138688723.76,65470940.72067991,190617339.17996287,11284400.0,192482109.12,-48564862.80107331
1773,1804562986.1005104,697018857.96791,983377472.7786115,64106690.0,60780895.07446069,142737413.339826,-49990600.0,113801359.79,-38447660.53812029
876,225298714.10332203,108268200.0,218931535.27607238,28712459.32,43203355.25203773,87825442.14089543,17326492.7,18955537.0,15583757.618920434
1807,35218439.69136189,15863392.0,28157884.81333965,2525778.04,12140163.46443101,17449051.6846776,-3174582.8,6256663.44,-5490864.036586724
1245,7566460456.175723,4538678648.054522,3051413688.536807,804904660.0,3793404027.769607,5065677089.56523,95408700.0,809276850.0,439478824.9301968
414,10855009650.705315,2237092421.509627,3661168257.818509,453062590.0,509521892.59058994,731706441.3949983,-13110700.0,176489780.0,292923355.0493252
1062,7806026016.45543,15103647508.122843,-2235294160.463028,1709682190.0,1550057595.9046094,4192135362.6371083,1025846000.0,1020201435.0,1093855331.9525657
14,36252141.8283033,6191151.4,24350182.8514522,940.92,554534.1413642685,-3413041.851123333,-8189546.3,6799051.49,-5109789.310329821
1971,4328203176.909511,1931778000.0,2245179942.7713194,248224940.0,568524837.5298796,817537705.4163837,118490900.0,119817380.0,118030050.20955904
1627,322889188.12065935,94526658.4,269081873.1838616,62765867.98,13711014.175410507,66369205.74649441,-1723950.5,68588248.94,-2084750.7430346624
1439,6567181959.853198,4375205390.566272,1841919684.3476703,244005490.0,313592600.41338027,534944621.1406495,35283200.0,54025727.73,198423229.5311746
1893,256320948.63752368,170803042.81186274,99638145.70253065,29840522.21,100601345.64356995,126798067.06700349,8476786.6,21275910.78,8887600.170821879
1689,20847806.05734422,180948100.0,-72806211.88212827,2228301.43,2384101.0719646127,13814292.471588254,64426.9,3304413.16,-1782241.2716730607
1040,70510740.59678385,59247935.9,79115009.73851743,7565006.28,18441186.261724185,26254525.717768073,1302785.8,5336612.71,1253440.298684565
1106,1600761787.4527252,745667040.5954347,780854322.3783351,117244481.88,294801658.0939984,335294593.662425,53698900.0,59188110.0,46652023.52082276
1861,1062489644.8488114,354070900.0,617973548.9081402,23588634.65,84741454.44843382,126844962.7998966,5662300.0,24667374.9,-5179225.333995204
1363,4282477122.9337344,2303091094.2587748,2132148375.40789,547792900.0,1109806782.8384726,1773299574.2113287,17401400.0,239084630.0,334081848.6063266
1867,40535192.52539196,19366064.145728268,80269397.76917101,2450660.89,2906112.611805425,2514223.7323383093,-1444468.9,2673625.84,129159.895886258
973,8045470465.292817,5713480314.5262165,7695912947.955132,222813082.66,5653901716.061834,5316187364.020969,231986300.0,1066349230.0,-872669705.0987322
1551,2058137545.8455403,1008577013.098736,1368253311.3182876,249595190.0,290840090.3991743,552013052.7970845,96598200.0,153101120.0,91960796.44152084
1567,3853538698.9757695,1920420904.1477604,1301633125.6722922,537557070.0,90665893.5581571,645093882.7306013,77403552.9,422925330.0,70099417.52351253
1833,73348091.2051238,7530081.6,114301741.97142853,708005.82,503786.3745541163,1374778.3894566298,-5823624.2,5708432.75,-3891614.611904269
404,315783754.7455949,94093000.0,297860249.5752064,26973474.49,-9814098.545119558,32944276.251675844,-35483483.2,58303349.82,-31837042.008554615
133,483237572.82617,301857210.48295105,285379968.20114446,27198990.36,73133513.42295788,76630166.25288421,-22714600.0,69676904.82,-42854183.289369576
1792,5955128841.592663,2405946476.226082,3745058411.445567,782877650.0,94528286.48895738,852810395.3703306,285425300.0,691489220.0,217617453.9206093
1945,4434669930.8673,2205271757.762868,2261660113.8314676,283473930.0,1108183328.6174343,1303774427.8577979,63844500.0,204840070.0,68517161.00090274
415,1146721400.6169732,718896912.8942541,488909947.7893479,101072220.0,73319320.3764161,106237065.6875149,-38783800.0,105439169.58,-1343070.5669080915
1156,17829096417.397182,11262880436.385822,8470317315.180786,683126140.0,5390939439.471147,5335662514.31441,433052800.0,136025574.12,438581518.8257503
1367,412532031.6030014,130598152.18251581,142544030.8790186,53758710.0,105690497.222602,202415577.53821987,-32635000.0,178298929.12,-125246052.13772577
1732,11229922668.741726,6347623717.842604,4555546188.869298,387555110.0,1326711547.9927642,1823487302.3835433,264288600.0,131863680.0,273918441.5072421
2010,114525612.77041437,3321114.9410425206,219956158.9666,927735.47,4133936.8742075474,5882470.464699507,-3006531.4,3414486.4,-1128583.8860156205
161,14769794360.952099,8626111884.482616,1736863811.2649302,640008430.0,2462538042.546816,3190771106.4669557,379434200.0,153324470.0,559596479.9829668
842,1363423397.9693298,1186492355.0576236,-378165084.0561006,-57959060.0,122823527.72578004,69058686.01592076,-132943400.0,81150080.0,-74448663.62298012
338,612491621.8740139,320908618.6,409591482.70186543,13334338.38,29474516.279239643,50270711.214662015,-58224500.0,5801862.42,4221638.1135178385
1717,114160328.53778888,61939710.707501635,214777969.07701504,304091.38,5270911.228358207,-15307505.290920734,-33657500.0,24912911.76,-23850168.51219592
551,2516154383.7665877,2046155727.8141365,615967671.7685285,334190450.0,976716896.51028,1397233986.566853,-3715100.0,366381290.0,-49924277.56449049
1440,1406305784.3775263,544522402.9574577,664265748.9874144,23770878.01,-10649681.012307398,48356992.93082881,-105723100.0,117818730.0,-112813945.76342128
1335,6894420401.073964,5339804540.324789,1351256640.6801896,164491600.0,1263445541.7642918,1373807844.4397602,12247100.0,131003090.0,26977988.691732716
1574,587231872.5183502,422387504.291386,237500318.65748852,52254020.0,48490654.02046303,83293374.26745886,16599100.0,32273910.0,19284156.276829414
627,26193040.57998522,2058411.809369222,55972160.619799145,1183974.71,561071.7823660763,-616134.7549525499,-1718091.1,2782611.4,-1509396.3568104887
1429,1118703856.1632447,677879400.0,235445614.95061964,137107240.0,295348978.63190734,389163680.5683855,34159000.0,92659300.0,38841917.32703614
424,752668592.6138456,45900550.0,651438221.3425835,105621.1,4184460.238631117,21744535.06862557,-48794800.0,57549268.76,-48193465.371727675
1055,439258771.6420783,246538400.0,172842281.11936635,27155820.0,79544217.75985028,115087071.37979871,-79739800.0,100162610.0,-140624423.32122964
1312,693919327.865246,300892300.0869587,576793186.1690893,71193440.0,127452316.67188202,203584086.3644511,27076600.0,42704650.0,38073110.70178759
221,15987111.529602813,6205851.3,80182643.40462725,1850630.57,5143436.866560081,7762204.828285217,-3132813.3,5246293.85,-8615677.13963467
1914,1671303073.4526923,641895418.1567553,1156136752.529467,78300495.96,154356864.3401137,243427886.36096185,48251900.0,34354730.0,35329269.63293142
397,5856210378.097581,5301217150.988764,2980154168.2233267,1118228940.0,1628085538.5872705,2798467938.7633877,257964700.0,722670210.0,329632508.75838697
293,1542948752.0903542,1810662882.2191792,-25443860.197312176,63806127.98,105807954.61980198,208573185.48424888,-110196800.0,185169870.0,-180131802.14091346
548,1789672774.478872,566129395.2675139,1068159258.0658075,134293850.0,261404816.95951566,391905102.1800138,42270400.0,79431100.0,39878575.74110531
248,82946532.2375302,54836285.7,-26497166.853551105,27309.41,1410121.6620293243,981372.8273458481,-12900000.0,11693055.24,-13212367.05586378
20,294665383.77928627,28761883.298920464,345745334.10022897,2097800.58,339566.2376853693,2227913.0606347322,-27445869.2,34678210.0,-30994513.399631884
873,712353596.7262475,307392276.03002304,199353905.05943543,52323000.0,233518960.04217675,257463384.592713,4202515.9,51213140.46,-407099.8605869741
1740,101728775.22075221,69214584.0,24577591.406085484,9702440.89,7403078.524858954,18542036.42227602,-6929124.0,12299991.64,-2113606.2474659802
301,21505629.305061147,4099711.6964403614,39487313.05068523,1293111.37,2286333.5012378953,8807354.603864908,-270461.2,1028053.42,1288666.2126758741
645,43561424.448666565,24958623.745728265,82756730.32150961,5294495.23,8338688.09870178,16573160.736706257,1476089.8,3341135.77,1822342.591153286
39,467119207.3957588,21382475.6,-100691085.68608922,3327093.5,8009530.502645648,-34646681.895125866,-17449895.1,17328454.43,-8518612.910660721
1238,806447446.4184783,279197500.0,652320650.4406656,115493513.76,34516452.80210077,117333484.48254812,48931800.0,65618635.0,41303433.82755299
255,25223649171.775295,-8071284572.166759,4048933157.537299,2598615740.0,2745898185.3003383,4509569765.91237,248900100.0,652745210.0,1641296676.6814098
1776,2990893690.8133073,3264785130.136439,-410114419.4402192,548751380.0,113549173.75809434,576159308.2903702,76321800.0,442803510.0,107890086.06682846
1962,150116831.32448283,195887469.98984724,60861302.294847645,34587680.67,21585139.46421616,61354288.626828015,-13757700.0,39711350.22,18052407.403588153
1919,2352790695.4995065,1393966286.209824,915672495.1773262,529399830.0,24519082.85661246,493016075.3954335,38000300.0,450310260.0,-9618024.156705607
630,17054807.097772826,13598623.62817431,15543786.48257403,396752.69,1906764.5729789226,1156911.748335719,-1777701.5,2223744.51,-1562237.2080173986
95,528060.6325870096,18218359.6,23425736.678934097,20412.78,-210695.13594834052,-10087096.519774318,-5597238.6,4909978.47,-4288684.623076709
1079,4269729344.0627327,1950381289.9315197,3932066031.141346,865062510.0,-80751460.38629581,633086814.6222321,46968600.0,57675210.0,843978307.0193139
1393,343910643.36982155,318435055.8,115713238.29107505,12524142.76,-15459726.958531031,11690985.958319068,1481276.8,9610692.35,4590132.423227831
1303,7842400916.690024,4201188810.645856,2358540867.7100086,308968010.0,600487490.5106809,767179320.5034549,154472000.0,192246920.0,34454479.57801598
1528,10987722221.154793,6125357563.648989,1907195001.7144942,551262890.0,1599256361.7477229,2208671829.494417,271593100.0,195750000.0,340485301.1422751
706,402864272.34567255,489859652.13036615,-74392019.34870727,111920533.76,-234720308.67003798,52418761.58880508,19528750.0,125322347.27,-5805344.605830419
152,1044938592.532537,312740903.1,769691053.8815236,298185890.0,29950375.8863474,300510992.94099826,19932500.0,318915460.0,-18299152.760679543
1112,62169643.5980482,15993392.207201082,84216087.63416278,775202.63,14856136.96675119,11413047.946911335,-5538101.6,4516712.05,-4161747.475566494
804,11163448559.108442,5976049863.648989,5428764882.006291,445097540.0,800442839.0803949,1190634339.3194306,103151900.0,366892420.0,49831168.7410155
63,325422326.2558175,87138800.0,238788025.2953873,11307941.55,13443751.377784427,26724510.467868924,-18737200.0,31416148.34,-14614845.58547979
48,3105237981.9058414,513324481.03756076,2143483556.405491,232471440.0,14235395.10216433,254644059.54072297,-66713100.0,321312750.0,-41138950.92956773
902,2036285826.1107788,925273636.7373359,430879239.7419274,190568300.0,698005010.283619,856233438.8934894,46029752.5,126457930.0,28286510.88309925
19,2866044758.5242047,1955712700.0,635070593.9919578,459159310.0,37667447.99125618,493758527.92921233,22519700.0,438726710.0,-6944959.025278534
906,1369610534.1762702,912931988.2707491,422735607.03716046,122814080.0,102590171.90498069,204417810.7467094,-19074000.0,135614510.0,-851563.832065348
1344,53841404.511996046,91226658.4,64683747.825441755,3368881.65,4946958.532735018,2271898.1356300116,-3747264.2,9173443.78,-16184693.64110733
567,-15944890107.364586,163419300.0,-17092751681.744581,2059205730.0,-71777933.71151948,646731368.4154176,200438212.1,1375383965.0,1297067459.4017894
661,-28938448.25726834,1923886.8635100536,-24686992.838859394,265352.62,897035.5263691663,998044.274200201,-54345.0,362783.07,3443467.086168234
1358,2153868473.8488183,1870972000.0,183808030.89333546,-5161860.0,184178062.41165677,300127694.6230904,-97680400.0,98732600.0,-103120741.43668889
1751,-57651341.776498266,4914716.386187207,-145052606.71521437,1546713.97,2135728.2784202415,7352145.14051187,-1247492.2,2883448.43,-5383053.506225006
1541,-25582204.25385336,3319737.8,116712868.42420985,-3563497.3,11906264.926985556,14471481.89302051,-5131029.6,2203966.39,-8099861.598461829
893,14754200165.623734,6869802894.92957,9126774985.26603,597186170.0,913900229.5833924,1426559564.7753553,-92678100.0,240328790.0,-105261130.90929624
124,85052167.43334329,18676135.049604457,131629770.1281919,10720688.0,2452023.1473229094,18876688.528897524,-9129555.0,24970200.87,-10280772.323665457
1923,3794088401.5873218,5958909051.573435,-2299736041.414728,960923050.0,2290945161.0528293,2891910955.7242074,-321030122.6,1167370700.0,-265249432.59151012
519,764285973.8549042,74749400.0,644434779.2776293,19985369.48,16806111.177301627,67425757.7778644,-24205779.1,8036449.84,3574037.431621967
827,882287941.2389996,440624698.1196667,403174879.702923,74810200.0,45766172.167525396,145637485.62920475,19979685.35,38094905.0,46600936.07515333
1804,-23079375.953030974,9026843.256368859,-168180610.3932667,292986.53,-8993904.878182562,-813651.1523333788,-855216.0,964392.04,24366658.43192508
520,260807124.61555973,101632597.8,224276659.72893718,17487550.72,26253297.05252465,59080366.645790994,5540184.2,9608470.78,4649599.445623327
1813,128892617.68220153,26616195.5,20883028.81708514,295048.2,-192931.84018050868,5596953.573443055,-1571889.7,3341134.73,9834380.756693844
968,49651442513.26088,30514270947.69097,716647562.8231399,778043150.0,2152183649.259614,3079304730.0372543,-118269900.0,865865250.0,367081055.87068933
1091,625874981.7658075,1007442290.1742605,162518914.7370436,39334134.52,176589792.28537828,205479819.0159524,8621200.0,48668754.55,-18238494.23403138
1227,295248867.33579034,105815100.0,95599428.6809042,24253755.5,15801416.214023996,38882477.06161237,-8367800.0,31947625.02,-8560411.594782518
1979,23567426.517037824,5008260.9,83590160.46678796,9206.17,728862.684681247,2053183.8147175312,-5529516.5,4924301.71,-3970394.804904425
1946,935960659.9919541,75816400.0,935679313.3330675,75365720.0,19975054.58914224,101732186.37874192,6394400.0,62231060.0,6300018.378114276
726,5041151274.730412,4087120814.867672,1128483721.482661,796448100.0,613153627.6808367,1779157528.3625917,91988400.0,878095580.0,311872979.6883057
1512,57504563.57853397,11676520.013241533,37649311.9204333,4753252.27,12752784.212849762,12985898.92641449,-3705109.1,5537994.39,-1478602.3121991605
184,7113272190.459397,27697046065.27223,21064744101.059452,1426100240.0,2352888995.3590245,4138247274.7615414,85397400.0,1097175650.0,602784593.0721679
727,1045340640.8809456,549726301.4513698,279949486.9388081,143430645.73,304757663.5204474,436055735.79700387,43226752.5,103065970.0,71897122.28273907
663,21482684.7754307,2734999.5,-9567929.582959175,168683.59,13656275.321080811,-5380505.7472804785,-1653476.2,1651263.05,-78899578.49165848
1872,922619800.3543549,477865152.13036615,397024836.9578397,51646150.0,129856828.17416275,170973306.5192585,15286900.0,30043556.54,15711117.452234196
1332,923853089.1456248,464139788.1,304061079.1787058,62628487.98,14573672.121871267,58269979.26900905,16954880.2,39588285.0,4838265.385955433
128,3544706735.9714704,1606018288.752673,1382926267.3241806,281062510.0,57364030.56881238,347232161.01589054,90550300.0,293805370.0,62391461.148524724
232,459772002.2080788,164009300.0,239778985.85114437,433031.13,44989.979153403576,5742994.779591441,-29302000.0,33152925.72,-28888991.52935372
1213,3065854487.02526,1618737463.3711588,1131908849.104773,62406700.0,290162233.63798624,373953035.2726792,28913900.0,46813695.0,688583.8854367267
318,148944381.94389352,76636276.8,112827118.249093,8013884.29,44828071.04635077,48170392.98465967,-168202.9,5321508.34,91918.95548040813
899,362807881.8972582,331387380.9,20127801.76293489,26176480.31,-588679.8914738272,32435521.788348198,-10451600.0,70274429.33,-48089656.55499086
1006,-7357254695.903003,-37972000000.0,-441595622.82289696,-439280000.0,4526478763.741547,3858628929.4663944,-1388800000.0,218027190.0,-725093425.4814835
1292,292939379.99455506,58971785.7,302505198.3225261,8970576.21,44647716.983189195,41642666.75737131,-17525000.0,62092649.82,-50153299.34080758
1926,25910807.54264304,3713214.259111196,74439325.02225034,1980801.63,454488.0608268147,-301071.0892421007,-1066760.9,3131624.37,-750343.9405153953
1808,71302296.4359518,27780796.598920465,44680495.40905563,397368.29,832271.4299463877,9017869.54403913,-14115379.5,13283374.78,-32440392.38849236
525,21654887261.971523,14233469553.614923,10002222103.096298,2415266440.0,5286728694.700447,6680523157.035883,639028200.0,1735317785.0,662243237.3227495
1599,669421850.722831,264670112.01488152,-38974688.46446468,56271369.9,157673980.2317442,210795352.57545727,27173100.0,24107330.0,91379887.99595372
1094,4474378.892348206,3361217.24104252,12252474.549255684,3366063.7,14311133.539608082,17520979.475822568,751203.8,4481554.25,-6694733.780761654
266,3965101827.1119924,2209831913.41363,268403258.62581384,688222770.0,-128562920.11429681,603120356.6752857,-45313800.0,860906430.0,-139578325.41909134
401,733818227.0188644,291361400.0,267340296.0858562,58699130.0,174305055.79309568,197626039.59250945,-54825500.0,127009580.0,-48531081.40200439
752,2655100933.710867,555721895.2675139,1717098821.4822214,148100690.0,196242597.68706754,405478732.17644525,131223800.0,14005700.62,143705506.90949792
1351,40876337.23699135,46186838.78331065,33120831.689843804,5192108.25,4892114.6957814535,10043601.46943605,-4190062.5,8762440.18,-3440408.6842204384
1318,25761825201.491035,14864782707.117182,4814096490.2389,761720590.0,3515638296.363452,4713629595.188086,924524600.0,1081810570.0,-989534767.3453597
934,6998077218.7395525,7429619200.0,-1113235331.8292904,389236870.0,96689176.24170731,402993038.4997495,206705200.0,827381890.0,-502486815.9124954
1475,1068072228.0070221,123230200.0,1082827606.794386,2532668.6,20370567.70215476,17765208.482715607,-141290700.0,171479977.36,-95266101.64336802
932,17822620514.06681,15260463164.228302,553019389.1636708,2998842060.0,149615118.79306233,2971197863.7306976,355006200.0,2684190130.0,429148949.5196071
686,131182501.9691062,287605729.3,176705479.96704316,1793324.02,2785838.293172381,12379174.393008232,584822.2,2073626.1,-122967.37329963011
170,-30819956.04902536,17772696.5,-47501570.24560097,4344529.76,2757373.29970467,17120466.480336905,-2439223.9,2681928.74,1053944.0352981468
381,199660619.380957,133045700.0,165637934.69878986,1449950.16,14342409.211345995,27405966.308371663,-25610200.0,31625436.68,-25268096.613049053
1842,111274113.57800686,111135200.0,65445043.4596271,5804469.37,13860974.631096521,22972805.51031351,-1491808.1,5015833.2,380395.0006546106
887,5177506208.032016,4104260900.0,1904984203.2858357,288870210.0,424465703.0178337,923057719.7889366,185808000.0,211861910.0,62764483.74694808
1835,1215483112.2573292,643992790.1742605,87712631.51370016,259911070.0,265079502.01895857,525422704.31964844,17076285.35,280774890.0,18873386.828082286
68,349568889.28700703,142607444.08113617,263013219.90876892,941957.0,6673160.919213593,7374950.813581228,-37527300.0,13984009.6,-13339796.85623657
612,266957637.63921538,161067500.0,150379527.67298636,54908340.0,11284032.267233446,55571195.490003824,-19550600.0,72495750.0,-15274819.421388239
1710,202594272.9527741,74377542.0,15547862.974165715,7943353.02,-1168472.4479212915,9042771.97821629,-14726795.1,31256790.96,-15019607.586159846
189,-8699000688.142422,9607671572.828054,-8247061411.364767,2639249950.0,1727976730.189621,5059632990.68308,958709270.7,737009120.0,981680120.2054232
1704,8792318191.066757,4352315067.319323,4435040756.758318,595497630.0,370247102.2024769,853558176.118639,135694800.0,785282380.0,-115016797.07451937
215,43382985.14151889,4917599.095265093,-4460910.797854707,37424.85,704411.4706166647,-194002.68015432358,-5461100.0,5160270.79,-8078674.712673712
770,1588284796.9189065,945385731.0665157,236163843.40885112,139658240.0,237670836.3708396,344359601.94635606,54322100.0,98121480.0,51082258.0485487
1228,70803532.69028553,48096098.5,5326842.063281469,4482253.88,17315705.458649755,30749127.90700257,556748.4,4337565.23,-133490.58654510605
944,4012354510.6193047,945896347.4883751,2509671934.938202,460195640.0,117019524.91096239,593725823.4023877,-3522300.0,434058890.0,-61213483.322900236
506,36107065490.09513,22797893244.862293,21179441291.769775,2369100970.0,72440757.73835553,2702129962.421466,1015469300.0,1508383215.0,1067662072.4481293
974,9155229809.462513,5126326900.0,3559292658.847583,311614760.0,358216445.07020897,659072945.319079,132032800.0,268457360.0,92795078.38048998
1508,5862264112.558673,2005821666.5620599,3308049666.015978,474222510.0,95387961.9903203,575006285.852644,-295829600.0,413104010.0,-73258441.90553975
154,635380788.5687664,291650000.0,166406380.4066769,2784145670.0,-1121571.9438416846,129016037.95307493,406573285.35,2882040000.0,44107316.85936767
1629,1581542755.9427164,615541495.2675139,663096507.2085718,39759090.0,111937358.4586202,132133935.65095031,39017800.0,11648557.71,34955456.46534444
464,4599250200.893945,2012204411.5278199,1216648976.656831,246406920.0,2179580367.362252,2384878101.6475277,193866100.0,33643108.34,205228100.00857514
1398,136575245.35082835,4304162.0,16147469.753632639,65112.32,3806947.6259746705,6046677.316508889,-1730415.2,8960563.78,-10112120.98520919
1513,795275720.455807,107729600.0,643937770.8315879,106056821.88,-2918032.625598589,116191699.6585446,-32877300.0,167516940.0,-40994256.53791241
1158,11708047295.840206,5326245841.020995,3109169776.92735,451329310.0,705764670.4394584,1079670076.448327,140759700.0,201081770.0,219353238.51427835
1494,1031853016.4251142,498312301.1436943,531818837.1900762,257052460.0,70285836.90923882,233119408.49414814,26327500.0,274496870.0,-25413315.0544073
1997,64746405.37638197,25991987.781695064,48685734.26790715,12224334.86,7699503.385887397,9290626.28311646,-3525597.8,21425703.6,7156362.124864318
748,2604310609.6534734,1338683251.082119,1047261390.0628849,122920830.0,251221686.14981267,429030393.44187784,-90561746.3,83243550.0,34144828.60986804
698,10872511391.6151,35471496670.05609,18591437156.455105,3164325250.0,1546397685.5617888,5185715387.3235445,-15059529.3,1320821225.0,2247633953.924489
1252,15193289812.204601,5238058868.192,2506661389.783622,1738792660.0,695107823.4566157,2771392228.5064664,757510000.0,1767360210.0,-414217154.98939806
317,49296307.643079065,19609153.045728266,66979168.26820703,2671007.76,2118035.755162695,-206803.92780697346,503451.2,2161786.8,808903.0200821566
382,57538291.35118679,23848072.2,85100962.24401766,9726698.57,3147536.273653559,10656061.053607583,-4382036.9,12772384.78,-3493246.965092826
334,6351623783.356669,1446874782.0564122,4721792118.401356,745428310.0,76539500.57307057,777937736.739279,172741600.0,290264850.0,426884786.0416828
1065,-10955156.309914997,22861553.2,-83019383.81920741,-7130.95,714166.6398080844,6606620.39069581,-5820618.6,18791496.49,-8057114.191114355
670,252926.24037093995,10275578.3,-40486373.51748431,133741.0,-1648494.2837245392,-8207361.694408298,-13671468.8,8260592.42,-10202611.561434474
259,45202236.80722434,29656330.898920465,63465133.77263951,5639662.02,2991971.3544400386,4001218.8737596273,-7009500.0,12167493.6,-5920491.429321675
1779,66582970.27755554,7968984.8,163731625.2224795,-13776364.0,7110103.491645609,5829590.615906954,-7524575.4,2466110.23,-11573591.123984387
836,325414902.8965206,184221900.0,86437473.99897975,17705200.5,11521798.279451655,37580754.25871718,-10025932.0,25547564.94,-14361689.24061773
725,129186039.03506525,61643145.717534386,121281522.49182205,-22167718.13,17335184.88777217,1705909.6802181005,-32506000.0,7998866.96,-20618094.409832887
960,1650557543.61237,720688345.6334556,-889275550.3073903,577947010.0,492250169.976245,663459452.1282659,122993400.0,353896440.0,134767321.7563325
1302,969421883.3349966,1855905023.755375,-871519022.7674967,113970450.0,228792570.43595836,302016397.4882219,1415000.0,27254737.32,104784802.18708767
800,-3598631.691467874,3494427.0,2811423.1133932546,136740.23,-411424.7992635618,-9145035.38798225,-8748634.0,4816243.83,-5660790.128526393
1340,4285958050.893298,2280615440.85299,2682709708.336852,339650870.0,334792981.68595904,660060213.1659287,171543600.0,188340990.0,196225149.7854597
1938,282327811.745776,28935300.0,287808768.97517717,8397378.29,1272335.8553139372,7464659.928997397,-9173986.2,20413710.85,-10881244.836159702
962,1021381631.2099359,478808341.2939957,375584789.16189754,37890460.0,33112740.031425215,58489757.35006988,37829900.0,8080334.7,17430183.519677177
1257,3236100973.7951827,2623888300.0,618385033.8827289,97736090.0,12712562.269457573,158745608.80425215,-88487969.2,197265730.0,-16675218.187963022
465,21888219.702274434,24181593.6,-18029618.032990217,33532.2,-63374.014497581884,2437761.2346373796,-10050925.0,8836072.61,-9790388.319721194
991,752469884.908882,155185100.0,399342023.927826,17852045.97,33347101.517660458,39978037.70779693,64072700.0,59964831.04,-12773973.842692263
762,811948720.647399,496272593.8282806,256692644.35305887,59295620.0,19386216.813394446,60229314.21429181,5551357.4,64390810.0,-12299655.391876426
336,172099853.83095023,95668900.0,65802680.17233491,37791951.3,-14389639.727737516,13936065.539062977,-25182400.0,32752996.68,-7958668.832533632
99,144771270.8692433,5945922.5,-547316004.5328692,194305.29,394984.48976474645,2213769.2912169695,-1670068.2,2692816.44,-5558948.178060684
1305,62211243.2209154,1552901.9,16935752.03529109,74913.27,58247.337310614064,-3233469.044517398,-1730851.2,1576630.84,-1118829.774965932
1395,787507610.9115708,591239461.4574577,20381271.910619274,65425997.98,-7156140.554320218,83369743.66822141,-124274200.0,196131868.24,-130169863.08469252
379,-74986780.29965475,6488065.5,-51099137.72782269,14430754.04,21405647.42759058,33211769.52353406,7801757.2,3309179.53,-686913.1263575456
217,1732694252.347457,1066445273.6456703,475195636.6764478,90884487.98,423514927.3977202,506705774.96840054,68345300.0,40030270.0,62131111.60671568
69,1403557.9098482644,5385653.324504526,30150833.361566737,-5179.31,-219419.3148800071,-3072913.8710565567,-615638.5,419477.36,-5386215.539695557
1375,317083864.7770751,120056600.0,181240279.24675125,7483743.66,39192448.865281686,40483960.59831941,-3954629.5,6116197.43,-316244.6467783698
1667,3131648926.1885347,599906953.7675139,2455463221.717019,386902650.0,-8751650.167314995,324927119.46736765,21431585.35,132745290.0,176051064.28091142
891,1057761901.0213891,562626680.1264352,866748576.4011396,80022323.94,84697949.77175438,133761447.35817498,15674100.0,33092880.0,58073427.32804382
1210,33890800.03444181,4142043.3,-60836596.5127576,763164.98,2104708.9056238583,-1500919.1190251112,-1557582.1,1988158.27,-2240437.2017151755
1178,-24741384.319564246,6579226.5,20708484.692414157,1662.33,463135.9506983621,-377213.3038260937,-2607098.4,3586912.53,-2066528.6131354172
884,46746018.33403479,23950723.4,-157659741.14896253,304328.98,15345501.85293714,5470256.289390683,-3304955.4,2693355.19,-126366816.90180205
1603,9715838.392732738,10817172.031864334,69485009.20657305,146608.03,1718761.325925179,1929835.3092651367,-1547839.5,1503340.29,-1162426.4471552453
1092,232094274.27871874,612449900.0,-472734085.1560169,23694550.0,-829040.4549832109,25405719.714259624,-42026100.0,77581390.0,-26659650.11278013
1748,18823045.990658678,2608699.7,34193381.82763315,1717648.3,2504004.0582182473,4563348.29321444,285802.2,1463174.62,351678.6300444486
295,46221439.50213862,29242740.981695063,69581163.03759828,6165125.85,5126134.497679888,17027994.240259647,1803060.5,4300051.05,264147.46845070756
879,17475174988.765717,13250149564.228302,4627440699.187948,588569650.0,777109540.2059305,1284729682.4049108,214207500.0,1449186220.0,-1454503879.010779
222,1099742459.6986456,200037709.6,1041516621.0036148,113242763.76,30294869.28847845,155308718.8520676,17340700.0,22210809.12,103323529.6127587
1029,1494332303.7915328,826425626.5730848,259959444.6991538,57100600.0,145405528.45511478,192922898.9592226,24246500.0,19916921.29,17716412.046542227
794,19756728.786111075,23671533.698920462,-53459860.69549909,2227550.24,380863.5882738905,19277026.872490168,-860367.0,3653659.15,133524.2196052978
1766,10087819526.234999,5842962215.222423,5939284342.625052,438726370.0,1075663874.1882167,1447987029.9099362,110333052.9,108863651.85,282506825.2918237
1301,21843088.501027502,3735517.609369221,100127961.73005345,2108303.49,5909353.1096976055,-2602715.6429646015,-1502287.3,3303010.96,-3869371.566801355
1718,674283693.8375814,387847847.2384315,312713082.5709672,61514610.0,135861311.66556013,180625758.06067753,19818600.0,23803744.32,25182398.466483977
691,714389081.4435205,262477625.21743736,440947329.32214725,34695580.0,162278051.2568113,141728200.45389777,9161700.0,26244071.84,3428820.863762555
1260,580761087.0019368,417169919.99456364,312470517.34409964,91959737.98,30084450.343356933,129358892.38773,6783900.0,105587269.16,-22920907.172133487
1711,1029671196.953835,626306200.0,410052906.1867946,-25529770.0,64786125.54954583,57942049.04261148,-105769200.0,133768539.12,-186850935.571636
1116,5053985883.548321,2661619000.0,2019107485.2312658,68968590.0,119370417.97599009,240921162.10816324,55455700.0,22945074.25,55525931.325275645
544,40418172.55426231,11389995.0,74354821.11484547,40084.71,54790.943956398754,-1680547.9171619415,-6533499.6,5632739.11,-5411989.121259958
808,1357753.6154902312,8533507.6,52875459.98217944,1714232.99,268892.48224196356,5037579.680006146,-4894865.3,5473781.98,-5272851.650375697
284,38080455482.54525,22966978476.26724,23948931955.499443,3229585730.0,2046749178.9908862,5342798209.805067,996619300.0,2308715090.0,1189332507.350387
1791,41796066139.27125,28037535914.859425,-18241495217.5386,62591117.13,194201438.52988157,1219689654.9735923,447540000.0,2050811315.0,-869797506.8509063
257,555500806.1175349,141129400.0,313357419.7677278,64307840.0,35528488.89486648,87894675.93832427,-6888700.0,65380809.82,333531.6765993797
1451,325089.27038896177,4599508.359111195,67402516.8785763,-3655988.84,1223545.6977093962,-8505479.353478074,-35862.9,3341159.53,-3787697.6432072003
1615,-10956730259.1776,-37972000000.0,266277940.06232488,-435000000.0,4446507452.080276,4003536341.4470873,-1472000000.0,219000000.0,-676928605.9016072
1875,461402235.6797624,389879673.922305,-51403652.25309193,32700339.73,22412801.23784574,57772925.72183293,-3143950.6,16619869.89,18087819.76940047
1226,-182483284.08743826,351460.3,-41369607.03836009,2837.63,-140418.63423186555,1228959.4446470737,-114760.2,124785.09,532615.1824730621
976,37262218.147878505,13298546.420442615,90654556.65784824,4166930.67,2426362.3904908746,4706552.1680089235,555157.3,3718820.22,1050384.5166352289
764,1449059896.7347958,680006518.6933477,257651792.79401767,123190591.88,38284206.11891251,176431449.57648885,23157700.0,39852660.0,90635541.58376269
1724,537994637.9887264,252053100.0,223992202.59181127,7175075.31,117291050.18637569,82663125.50441891,-33089583.2,63795350.0,-31874946.18630017
1183,206294732.36143297,90206200.0,219969779.80363914,12310019.13,28239516.11011866,35044676.54697096,6052396.6,5564504.17,6522637.286117223
207,27271503.25748332,13585220.069437826,54510977.34362177,2597320.67,1800808.5513968896,7721916.285595536,-1204924.9,3390850.24,-444081.6638143572
2003,2517902707.240724,1183375164.2991116,1321937924.884851,112259720.0,232381515.00251278,342637119.11421204,34461400.0,83928300.0,40151814.09671011
1099,20389956.58330118,54660871.4,-59283798.376424804,5044500.15,13491281.16507531,24540129.24762523,1546966.8,3697244.95,609438.3006644524
1552,517196147.32986146,309374718.1,241260033.63882846,-3359589.99,13987567.656914506,-25967976.052066922,-50391200.0,74455010.0,-70561076.33493952
1129,387598812.6003522,297622176.03002304,163341669.10332906,11819809.88,169879.95469307908,1010247.9716495275,-44535900.0,56140819.1,-45359826.86997555
34,17694779.850905728,24276114.2,58684819.43337058,347149.99,-362080.54805952107,-871286.0185204744,-7621859.3,8771851.69,-7275518.193001677
1569,6685898776.180919,5263736499.303793,1914925295.3874044,188852092.66,43739755.23921678,204425563.2630499,37116100.0,204019890.0,-67174046.53239696
320,1798022348.9554715,1686099082.641098,101963162.4907265,159755920.0,4378306.637097908,144711108.7729454,-71664544.3,280408180.0,-42303173.63050875
1193,129298496.10194159,1548282.8635100536,30388183.961332753,67318.61,-85968.71493465593,108917.70012676716,-269001.7,322940.37,4960056.895961125
717,20536109744.87026,10487905130.974556,7084867603.514888,990661570.0,189614340.46362576,907324737.0775722,159340700.0,823323280.0,198051040.87228778
13,3242822463.7529073,2542613620.426495,808367873.9391589,1106856330.0,-425370660.3411358,386351435.5164815,5795452.9,1066520465.0,93643397.04364918
1759,179384183.68798083,17271833.6,237026740.16309804,5483.4,-234685.20524420872,4559617.910735011,-12872093.1,23368373.72,-21849465.594897255
1722,2030906149.1298163,1807581180.966769,348389316.7640988,114723040.0,29907963.913227107,158985373.41221946,1150100.0,93492430.0,11354289.522129126
118,985061449.6574762,315198952.0600461,418663139.2221736,61296950.0,121249872.44706793,175733008.91160107,15649800.0,33870577.86,12339606.635888346
1549,14927142463.429394,5920451095.772787,5136156591.747112,840853940.0,1113839627.4922788,2157065858.580017,759575900.0,78844152.08,695484861.8731639
957,311045732.2996593,28721802.5,323418550.19498825,18260778.53,1833754.120856599,12245885.426137209,-31103500.0,39029583.63,-17189498.104905687
1870,3629548445.5762186,2756741100.0,1539694094.509215,9204241.74,289870865.95890975,236915694.39656782,-26112100.0,80798640.0,-17779743.92147106
885,13015811664.658302,8355436341.647772,4954348500.291193,631787560.0,1096771926.5970848,1558614567.9748175,212373300.0,358809730.0,229975176.30718955
385,2153868325.8639235,1870972000.0,186653980.94343245,-5214000.0,184178062.41165677,301486435.2404083,-103708000.0,98494000.0,-103120741.43668889
711,72273066.47021839,57716786.2,85985320.76337782,9930146.06,3398215.381517208,14889310.343933225,-9445211.0,20050942.96,-9646117.845229954
272,449878123.2971011,179232800.0,307756249.70320857,94049510.0,31832575.578870386,108558159.9909612,3489900.0,81579180.0,4806869.9643239
1892,7129769756.951456,5258957300.0,1478403951.1323063,367721260.0,893833688.8691288,1281557605.7521415,134349700.0,198580900.0,164530805.56398147
